collegeCode,college
"1","University Departments of Anna University  Chennai - CEG Campus  Sardar Patel Road  Guindy  Chennai 600 025"
"2","University Departments of Anna University  Chennai - ACT Campus  Sardar Patel Road  Guindy  Chennai 600 025"
"3","School of Architecture and Planning  Anna University Chennai 600025"
"4","University Departments of Anna University  Chennai - MIT Campus  Chrompet  Tambaram Taluk  Chengalpattu District 600 044"
"5","Annamalai University Faculty of Engineering and Technology Annamalai nagar Cuddalore"
"1013","University College of Engineering  Villupuram  Kakuppam  Villupuram District 605103"
"1014","University College of Engineering  Tindivanam  Melpakkam  Tindivanam  Villupuram District 604001"
"1015","University College of Engineering  Arni  Arni to Devikapuram Road  Thatchur  Arni  Thiruvannamalai District 632326"
"1026","University College of Engineering  Kancheepuram  Ponnerikarai Campus  NH4  Chennai-Bangalore Highway  Karaipettai Village & Post  Kancheepuram District 631552"
"1101","Aalim Muhammed Salegh College of Engineering, Nizara Educational Campus Muthapudupet, Avadi - IAF, Chennai-600055."
"1102","Bhajarang Engineering College, Ayathur Village, Veppampattu (R.S), Thiruvallur dist-602024."
"1106","Jaya Engineering College, Prakash Nagar, Thiruninravur, Thiruvallur District, Chennai-602024."
"1107","Jaya Institute of Technology, Kanchipadi, Thiruvallur-Thiruthani NH Road, Thiruvallur Taluk & District-631204."
"1110","Prathyusha Engineering College (Autonomous), Poonamallee-Tiruvallur High Road, Aranvoyalkuppam, Tiruvallur-602025."
"1112","R.M.D. Engineering College (Autonomous), R.S.M. Nagar, Gummidipoondi Taluk, Kavaraipettai,  Thiruvallur-601206."
"1113","R.M.K. Engineering College (Autonomous), R.S.M. Nagar, Kavaraipettai, Gummidipoondi Taluk, Thiruvallur-601206."
"1114","S.A. Engineering College (Autonomous), Poonamallee- Avadi Road, Thiruverkadu Post, Tiruvallur, Chennai-600077."
"1115","SriRam Engineering College, Perumalpattu, Veppampattu R.S., Tiruvallur District, Chennai-602024."
"1116","Sri Venkateswara College of Engineering and Technology, Thirupachur, Thiruvallur Taluk & District-631203."
"1118","Vel Tech Multi Tech Dr Rangarajan Dr Sakunthala Engineering College (Autonomous), 42, Veltech Road, Avadi, Morai, Thiruvallur-600062."
"1120","Velammal Engineering College (Autonomous), Velammal Nagar, Ambattur-Redhills Road, Surapet, Thiruvallur, Chennai-600066."
"1121","Sri Venkateswara Institute of Science and Technology, Kolundhalur, Thiruvallur Taluk & District-631203."
"1122","Vel Tech High Tech Dr.Rangarajan Dr.Sakunthala Engineering College (Autonomous), No. 60, Veltech Road, Avadi, Morai, Thiruvallur-600062."
"1123","Gojan School of Business and Technology, 80-Feet Road, Edapalayam, Red Hills, Thiruvallur, Chennai-600052."
"1124","SAMS College of Engineering and Technology, 82,Panapakkam, Tirupathi Road, Uthukottai Taluk, Thiruvallur District-601102."
"1125","PMR Engineering College, Adayalampattu, Tiruvallur, Chennai-600095."
"1126","JNN Institute of Engineering (Autonomous), Ushaa Garden, 90, Kannigaipair Village, Uthukottai Taluk, Thiruvallur-601102."
"1127","St. Peter's College of Engineering and Technology, College Road, Avadi Taluk, Thiruvallur District, Chennai-600054."
"1128","R.M.K. College of Engineering and Technology (Autonomous), R.S.M. Nagar, Puduvoyal, Gummidipoondi Taluk, Thiruvallur District-601206."
"1133","Annai Veilankannis College of Engineering, 33 Gandhi Road, Nedungundram, Chennai-600048."
"1137","Annai Mira College of Engineering and Technology, Arappakkam Village, Arcot Road, Walaja Taluk, Vellore District-632517."
"1140","Jeppiaar Institute of Technology (Autonomous), Jeppiaar Nagar, Kunnam Village,Sriperumbudur Taluk, Kanchipuram-631604."
"1149","St. Joseph's Institute of Technology (Autonomous), Jeppiaar Nagar, Old Mamallapuram Road, Kanchipuram, Chennai-600119."
"1150","Sri Jayaram Institute of Engineering and Technology, 51 N,Elavur, 58 N Natham Village,Gumudipoondi Taluk, Thiruvallur District-601201."
"1202","DMI College of Engineering (Autonomous), St.Joseph's Town,Mevalurkuppam B Village, Nazarethpet Post, Palanchur, Kanchipuram, Chennai-600123."
"1505","C.Abdul Hakeem College of Engineering and Technology, Hakeem Nagar, Melvisharam, Vellore -632509."
"1507","Ganadipathy Tulsi's Jain Engineering College, Chittoor-Cuddalore Road, Kaniyambadi, Vellore-632102."
"1509","Meenakshi College of Engineering, 12,Vembuli Amman Koil Street, West K K Nagar, Chennai-600078."
"1510","Priyadarshini Engineering College, Chettiyappanur Village & Post, Vaniyambadi, Vellore-635751."
"1210","Panimalar Engineering College (Autonomous), Bangalore Trunk Road, NazarathPet, Varadharajapuram, Poonamallee, Thiruvallur (DT), Chennai-600123."
"1211","Rajalakshmi Engineering College  (Autonomous), Rajalakshmi Nagar, Thandalam, Kanchipuram, Chennai-602105."
"1212","Rajiv Gandhi College of Engineering, Nemili Village, Sriperumbudur, Kanchipuram-602105."
"1213","S K R Engineering College, Agarmel, Poonamallaee, Thiruvallur, Chennai-600123."
"1216","Saveetha Engineering College (Autonomous), Saveetha Nagar, Thandalam Post, Sriperumbudur Taluk, Kancheepuram District-602105."
"1217","Sree Sastha Institute of Engineering and Technology, Chennai-Bangalore Highway, Chembarambakkam, Thiruvallur District, Chennai-600123."
"1218","Sri Muthukumaran Institute of Technology, Chikkarayapuram Near Mangadu, Kanchipuram, Chennai-600069."
"1219","Sri Venkateswara College of Engineering (Autonomous), Post Bag No.3, Pennalur, Sriperumbudur, Kanchipuram-602105."
"1221","Jaya College of Engineering and Technology, Poonamallee By Pass Road, Parivakkam, Chennai, Thiruvallur-600056."
"1222","P.B. College of Engineering, Chennai-Bangalore High Way, Irungkattukottai, Sriperumbudur Taluk, Kancheepuram District, Chennai -602117."
"1225","Loyola Institute of Technology, Palanchur, Mevalurkuppam, B village, Nazarathpet Post, Sriperumpudur Taluk, Kanchipuram District, Chennai-600123."
"1226","P.T.Lee Chengalvaraya Naicker College of Engineering and Technology, Oovery, Veliyur Post, Kanchipuram District-631502."
"1228","Alpha College of Engineering, No.34, Udayavar Kovil Street, Thirumazhisai, Chennai-600124."
"1229","Indira Institute of Engineering and Technology, No.1, V.G.R Nagar, V.G.R Gardens, Pandur, Thiruvallur -631203."
"1230","Apollo Engineering College, Mevaloorkuppam Valarpuram Post, Sriperumbudur Taluk, Kanchipuram District-602105."
"1232","ARM College of Engineering and Technology, Sattamangalam,Maraimalainagar Post, Chengalpattu Taluk, Kanchipuram Dist-603209."
"1233","Adhi College of Engineering and Technology, No. 6, Munu  Adhi Nagar, Sankarapuram, Puliambakkam Post, Near Wallajabad Kancheepuram-631605."
"1235","Jei Mathaajee College of Engineering, No.124, Vishakandikuppam Village, Siruvakkam Post, Kanchipuram-631552."
"1237","Velammal Institute of Technology, Chennai - Kolkatta Highway, Pancheeti Village, Ponneri Taluk, Thiruvallur District-601204."
"1238","GRT Institute of Engineering and Technology, GRT Mahalakshmi Nagar, Chennai-Tirupathi Highway, Tiruttani, Thiruvallur-631209."
"1241","T.J.S. Engineering College, Peruvoyal, Near Kavaraipettai,Gummidipoondi Taluk,Thiruvallur District-601206."
"1243","Madha Institute of Engineering and Technology, Irandaam Kattalai, Sadhananthapuram, Thandalam post, Chennai-600122."
"1301","Mohamed Sathak A J College of Engineering (Autonomous), #34, Rajiv Gandhi Road(OMR), IT Highway, Siruseri, Egattur, Chennai-603103."
"1303","Anand Institute of Higher Technology, Kalasalingam Nagar, Old Mahabalipuram Road, Kazhipattur Village, Chengalpattu Taluk, Kancheepuram District-603103."
"1304","Easwari Engineering College (Autonomous), Bharathi Salai, Ramapuram, Chennai-600089."
"1306","Jeppiaar Engineering College, Jeppiaar Nagar, Old Mammallapuram Road, Kanchipuram, Chennai-600119."
"1307","Jerusalem College of Engineering (Autonomous), Velachery-Tambaram Main Road,Narayanapuram, Pallikkaranai,Chennai-600100."
"1309","Meenakshi Sundararajan Engineering College (Autonomous), C/O I.I.E.T Society No.363, Arcot Road, Kodambakkam, Chennai-600024."
"1310","Misrimal Navajee Munoth Jain Engineering College, Guru Marudhar Kesari Building, Jyothi Nagar, Thorapakkam, Chennai-600097."
"1311","KCG college of Technology (Autonomous), Rajiv Gandhi Salai, Karapakkam, Chennai-600097."
"1315","Sri Sivasubramaniya Nadar College of Engineering (Autonomous), Rajiv Gandhi Salai (OMR), Kalavakkam,Kanchipuram District-603110."
"1316","Agni College of Technology (Autonomous), Thalambur Off.Rajiv Gandhi Salai, Chengalpattu Taluk, Kancheepuram District-603103."
"1317","St. Joseph's College of Engineering (Autonomous), Jeppiaar Nagar, Old Mamallapuram Road, Kanchipuram, Chennai-600119."
"1318","T.J. Institute of Technology, Rajiv Gandhi Salai, Karapakkam, Chennai-600097."
"1319","Thangavelu Engineering College, Rajiv Gandhi Salai, Karapakkam, Chennai-600097."
"1321","Central Institute of Petrochemicals Engineering and Technology (Formerly Central Institute of Plastics Engineering and Technology) (CIPET)  Guindy  Chennai 600032"
"1322","Dhanalakshmi Srinivasan College of Engineering and Technology, ECR, Poonjeri, Mamallapuram, Kanchipuram-603104."
"1324","Sri Sai Ram Institute of Technology (Autonomous), Sai Leo Nagar, Dharkast Road, West Tambaram, Kanchipuram, Chennai-600044."
"1325","St. Joseph College of Engineering, Trinity Campus, Nemili B Beemanthangal Village, Sriperumbudur, Kancheepuram District, Chennai-602105."
"1333","Shikshaa Institute of Advanced Technologies (formerly Vi Institute of Technology), No. 96 Sirunkundram Post,Chengalpattu Taluk,Kancheepuram District-603108."
"1335","Sri Krishna Institute of Technology, Navaneedam Nagar, Panapakkam, Near Padappai, Kanchipuram-601301."
"1339","Mahalakshmi Tech Campus (formerly Mahalakshmi Engineering College), No.1 Bharathiyar Street, Prashanthi Nagar, Chromepet,Chennai-600044."
"1399","Chennai Institute of Technology (Autonomous) Puduper Village  Nandambakkam Post  Kundrathur  Chennai 600069"
"1400","Mohamed Sathak A.J. Academy of Architecture, IT Highway, 34, Old Mahabalipuram Road, Egattur, Chenglepet Taluk, Kancheepuram District-603103."
"1401","Adhiparasakthi Engineering College, Melmaruvathur, Cheyyur Taluk, Kancheepuram District-603319."
"1402","Annai Teresa College of Engineering, Thirunavalur, Ulundurpet Taluk, Villupuram District-607204."
"1405","Dhanalakshmi College of Engineering, Manimangalam Puducheri Road, Manimangalam, Manimangalam Post, Sriperumbudur Taluk, Kancheepuram District, Chennai-601301."
"1407","G K M College of Engineering and Technology, G K M Nagar, Alappakkam-Mappedu Road, New Perugalathur, Chennai-600063."
"1408","IFET College of Engineering (Autonomous), IFET Nagar, Gangarampalayam, Valavanur Post, Villupuram District-605108."
"1409","Karpaga Vinayaga College of Engineering and Technology, G.S.T. Road, Chinna Kolambakkam, Palayanoor Post, Madurantagam Taluk, Kancheepuram Dist-603308."
"1411","Madha Engineering College, Madha Nagar,Somangalam Road, Kundrathur, Kanchipuram, Chennai-600069."
"1412","Mailam Engineering College, Mailam, Tindivanam Taluk, Villupuram District-604304."
"1413","Sri Venkateswaraa College of Technology, Sirukulathur, Vadakal Village, Mathur Post, Sriperumbhudur, Kanchipuram-602105."
"1414","Prince Shri Venkateshwaraa Padmavathy Engineering College (Autonomous), Medavakkam - Mambakkam Road, Ponmar, Kanchipuram, Chennai-600127."
"1415","T.S.M.Jain College of Technology, Melur,Kallakurichi Taluk,Villupuram District-606201."
"1416","Jaya Sakthi Engineering College, St.Mary's Nagar, Thiruninravur,(Near Avadi), Thiruvallur, Chennai-602024."
"1419","Sri Sai Ram Engineering College (Autonomous), Sai Leo Nagar, Poonthandalam Village, Dharkast Post, West Tambram, Kanchipuram, Chennai-600044."
"1420","Tagore Engineering College, Rathinamangalam, Vandalur, Kanchipuram, Chennai-600127."
"1421","V.R.S. College of Engineering and Technology, Arasur & Post, Ulundurpet Taluk, Villupuram District-607107."
"1422","SRM Valliammai Engineering College (Autonomous), S.R.M. Nagar, Kattankulathur, Chengalpattu, Kancheepuram, Chennai-603203."
"1423","Asan Memorial College of Engineering and Technology, Asan Nagar, 9th kilometer, Chengalpattu - Mahabalipuram Highway, Post Box No.6, Chengalpattu-603001."
"1424","Dhaanish Ahmed College of Engineering, Dhaanish Nagar, Vanchuvancherry, Padappai(Near Tambaram), Sriperumbudur Taluk, Kancheepuram District-601301."
"1426","Sri Ramanujar Engineering College, Vandalur, Kolapakkam, Kanchipuram, Chennai-600127."
"1427","Sri Krishna Engineering College, Panapakkam Near Padappai Via Tambaram, Kanchipuram, Chennai-601301."
"1428","E.S.College of Engineering and Technology, Chennai Trunk Road, Ayyankoilpattu, Villupuram-605602."
"1430","Maha Barathi Engineering College, A. Vasudevanur (post), Chinnasalem, Kallakurichi (Taluk), Villupuram-606201."
"1431","New Prince Shri Bhavani College of Engineering and Technology (Autonomous), Vengaivasal Main Road, Gowrivakkam, Chennai-600073."
"1432","Rajalakshmi Institute of Technology (Autonomous), Bangalore Highway Road, Kuthambakkam, Chennai-600124."
"1434","Surya Group of Institutions, NH-45, GST Road, Vikiravandi, Villupuram-605652."
"1436","A.R.Engineering College, Vadakuchipalayam, Kappiyampuliyur post, Villupuram-605601."
"1437","Rrase College of Engineering, Vanjuvancherry, Padappai, Sriperumbadur, Kancheepuram -601301."
"1438","Sree Krishna College of Engineering, Anaicut Post, Unnai Village, Vellore-632101."
"1441","A.K.T.Memorial College of Engineering and Technology, Neelamangalam( Post ), Kallakurichi Taluk, Villupuram District-606202."
"1442","Prince Dr. K. Vasudevan College of Engineering and Technology, Medavakkam-Mambakkam Road, Ponmar, Chennai-600127."
"1444","R.M.Engineering College,  Zamin Endathur Village, Madurantakam, Kanchipuram-603311."
"1445","Sri Rangapoopathi College of Engineering, Alampoondi Village & Post, Gingee Taluk, Villupuram District-604151."
"1449","Saraswathy College of Engineering and Technology, NH-45 Main Road, Olakkur, Tindivanam, Villupuram-604307."
"1450","Loyola-ICAM College of Engineering and Technology, Loyola College Campus, Chennai-600034."
"1452","PERI Institute of Technology (Autonomous), Mannivakkam,Tambaram, Kancheepuram, Chennai-600048."
"1501","Adhiparasakthi College of Engineering, G.B.Nagar, Kalavai, Arcot Taluk, Vellore District-632506."
"1503","Arulmigu Meenakshi Amman College of Engineering, Vadamavandal Village, Namandi Post,(Near Kanchipuram),Tiruvanamalai-604410."
"1504","Arunai Engineering College, Chittor-Cuddalore Raod, Mathur, Tiruvannamalai-606603."
"1511","RANIPPETTAI ENGINEERING COLLEGE, THENKADAPPANTHANGAL, VELLORE DISTRICT 632513"
"1511","RANIPPETTAI ENGINEERING COLLEGE, THENKADAPPANTHANGAL, VELLORE DISTRICT 632514"
"1511","RANIPPETTAI ENGINEERING COLLEGE, THENKADAPPANTHANGAL, VELLORE DISTRICT 632517"
"1511","RANIPPETTAI ENGINEERING COLLEGE, THENKADAPPANTHANGAL, VELLORE DISTRICT 632516"
"1511","RANIPPETTAI ENGINEERING COLLEGE, THENKADAPPANTHANGAL, VELLORE DISTRICT 632515"
"1512","S.K.P. Engineering College, Chinnkangiyanur, Somasipadi Post, Tiruvannamalai District-606611."
"1513","Sri Balaji Chockalingam Engineering College, Irumbedu, Arni Taluk,Tiruvannamalai District-632317."
"1514","Sri Nandhanam College of Engineering and Technology, Molagarampatti, Tirupattur, Vellore-635601."
"1516","Thanthai Periyar Government Institute of Technology  Bagayam  Vellore District 632002"
"1517","Thirumalai Engineering College, Kilambi, Krishnapuram Post, Kanchipuram-631551."
"1518","Thiruvalluvar College of Engineering and Technology, Arunachala City,Ponnur Hills, Vandavasi, Thiruvannamalai District-604505."
"1519","Bharathidasan Engineering College, K.Bandarapalli Post, Nattrampalli, Vellore District-635854."
"1520","Kingston Engineering College, Chittoor Main Road, Chiristianpet Village, Mettukulam Panchayat, Katpadi Taluk, Vellore District-632059."
"1523","Global Institute of Engineering and Technology, 257/1, Bangalore-Chennai Highway,Melvisharam, Vellore-632509."
"1524","Annamalaiar College Of Engineering, Chetpet-Polur Road, Polur Taluk, Thiruvannamalai District-606902."
"1525","Podhigai College of Engineering and Technology, Salem Main Road, Adiyur Post, Tirupattur Taluk,Tirupattur, Vellore District.-635601."
"1526","Sri Krishna College of Engineering, T.R.S. Campus, Sri Krishna Nagar, Tiruttani Road,Arakkonam, Vellore-631003."
"1529","Oxford College of Engineering, Venmani Village, Karaipoondi Post, Polur, Tiruvannamalai-606803."
"1605","Idhaya Engineering College for Women, Nainarpalayam Road,Chinna Salem, Villupuram District.-606201."
"2005","Government College of Technology (Autonomous)  Thadagam Road  Coimbatore District 641013"
"2006","PSG College of Technology (Autonomous)  Peelamedu  Coimbatore District 641004"
"2007","Coimbatore Institute of Technology (Autonomous)  Civil Aerodrome Post  Coimbatore District 641014"
"2025","Anna University Regional Campus - Coimbatore  Maruthamalai Main Road  Navavoor Bharathiyar University Post  Somayampalayam  Coimbatore District 641046"
"2302","Sri Shanmugha College of Engineering and Technology (Autonomous), Pullipalayam, Morur(PO), Sankari Taluk, Salem District-637304."
"2327","N.S.N. College of Engineering and Technology, N.S.N, Kalvi Nagar, Karur - Madurai NH-7, Manalmedu, Karur-639003."
"2329","Rathinam Technical Campus (Autonomous), Rathinam Techzone Campus, Pollachi Road, Eachanari, Coimbatore-641021."
"2332","Aishwarya College of Engineering and Technology, Errattaikarad, Paruvachi (Post), Anthiyur, Bhavani (Taluk), Erode District-638312."
"2338","Asian College of Engineering and Technology, 294/2,Asian College Road, Kondayampalayam, Near Saravanampatti, Coimbatore-641110."
"2341","Ganesh College of Engineering, Attur Main Road, Mettupatti, Salem-636111."
"2342","Sri Ranganathar Institute of Engineering and Technology, S.F No:162, Athipalayam village, Thudiyalur-kovilpalayam Road, Coimbatore-641110."
"2343","Indian Institute of Handloom Technology  Foulke's Compound  Thillai Nagar  Salem District 636001"
"2345","Dhirajlal Gandhi College of Technology, Sikkanampatty, Opposite to Airport,Omalur Taluk, Salem District-636309."
"2346","Shree Sathyam College of Engineering and Technology, Manjakkal Patti, Kuppanur Post, Sankari Taluk, Salem District-637301."
"2347","A V S College of Technology, Attur Main Road, Near AVS College of Arts & Science, Chinnagoundapuram, Salem-636106."
"2349","Dhaanish Ahmed Institute of Technology, Pitchanur Village, Coimbatore-641018."
"2350","Jairupaa College of Engineering, Thottiapalayam, Kathankanni-Po, Kangayam-Tk, Tiruppur-641604."
"2354","Pollachi Institute of Engineering and Technology, 107/1, Poosaripatti Village, Pollachi to Dharapuram road, Poosaripatti(post) Pollachi, Coimbatore-642205."
"2356","Arulmurugan College of Engineering, Karvazhi Road, Thennilai, Aravakurichy Taluk, Karur-639206."
"2357","V.S.B. College of Engineering Technical Campus (Autonomous), S.F. No.91/2A,91/2B,252, 253/1, Solavampalayam Village, Kinathukadavu, Pollachi Taluk, Coimbatore District-642109."
"2360","Suguna College of Engineering, Nehru Nagar (West), Kalapatti Road, Civil Aerodrome (Post), Coimbatore-641014."
"2367","Arjun College of Technology, 310/1B, Chettiyakkapalayam, Kinathukadavu, Coimbatore-642120."
"2368","Vishnu Lakshmi College of Engineering and Technology, 10/1,Kambar Street, Kanjikonampalayam, Vellalore(PO), Coimbatore-641111."
"2369","Government College of Engineering  Chettikkarai Post  Dharmapuri District 635704"
"2377","PSG Institute of Technology and Applied Research, Avinashi Road,Neelambur, Sulur,Coimbatore -641062."
"2378","Cheran College of Technology, Cheran Nagar, Thittuparai, Kangeyam, Tiruppur-638701."
"2601","Adhiyamaan College of Engineering (Autonomous), Aeri Campus, Dr.M.G.R.Nagar, Hosur, Krishnagiri District-635109."
"2602","Annai Mathammal Sheela Engineering College, Erumapatty Post, Namakkal-637013."
"2603","Government College of Engineering (Autonomous)  Bargur  Krishnagiri District 635104"
"2607","K S Rangasamy College of Technology (Autonomous), K.S.R Kalvi Nagar, Thokkavadi, Tiruchengode Tk, Namakkal-637215."
"2608","M.Kumarasamy College of Engineering (Autonomous), Thalavapalayam Post,Punjai Thottakkurichi Village, Karur Tk, Karur-639113."
"2609","Mahendra Engineering College (Autonomous), Mahendhirapuri, Mallasamudram West, Vadugapalayam Post,Tiruchengodu Taluk, Namakkal District-637503."
"2610","Muthayammal Engineering College (Autonomous), Kakkaveri, Rasipuram (Tk), Namakkal District-637408."
"2611","Paavai Engineering College (Autonomous), NH-7, Paavai Nagar, Pachal, Namakkal-637018."
"2612","PGP College of Engineering and Technology, Namakkal-Paramathi NH 7 Road, Namakkal-637207."
"2613","K S R College of Engineering (Autonomous), K S R Kalvi Nagar, Thokkavadi, Tiruchengode, Namakkal Dist-637215."
"2614","SSM College of Engineering, NH-47 Salem Main Road, Komarapalayam, Namakkal District-638183."
"2615","Government College of Engineering (Autonomous)  Karuppur  Salem District 636011"
"2616","Sapthagiri College of Engineering, NH-7, Krishnagiri Main Road,Palacode Taluk Periyanahalli Village & Post Dharmapuri District-635205."
"2617","Sengunthar Engineering College (Autonomous), Kosavampalayam, Kumaramangalam (Post),Tiruchengode (Taluk),Namakkal District-637205."
"2618","Sona College of Technology (Autonomous), Sona Nagar, Thiagarajar Polytechnic College Road, Suramangalam (P.O),Salem District-636005."
"2620","Vivekanandha College of Engineering for Women (Autonomous), Sathiyanaickenpalayam Village, Elayampalayam, Tiruchengode, Namakkal District-637205."
"2621","Er. Perumal Manimekalai College of Engineering (Autonomous), 17th Km Hosur - Krishnagiri NH7, Nallaganakothapalli, Near Koneripalli, Hosur Taluk, Krishnagiri District-635117."
"2622","V S B Engineering College (Autonomous), N.H.67, Covai Road, Karudayampalayam (Village & Post), Aravakurichi (TK), Karur-639111."
"2623","Mahendra College of Engineering, 12th KM Attur Main Road, Minnampalli, Salem-636106."
"2624","Gnanamani College of Technology (Autonomous), NH-7, A.K. Samuthiram, Pachal Post, Namakkal District-637018."
"2625","The Kavery Engineering College, M. Kalipatti, Mecheri (Post), Mettur Taluk, Salem District-636453."
"2627","Selvam College of Technology (Autonomous), Salem Road NH-7, Pappinaickenpatti (Post), Ponnusamy Nagar, Namakkal (Tk & Dt)-637003."
"2628","Paavai College of Engineering, Paavai Nagar, NH-7,Pachal, Namakkal-637018."
"2630","Chettinad College of Engineering and Technology, NH-67, Karur to Trichy Highways, Puliyur CF, Karur-639114."
"2632","Mahendra Institute of Technology (Autonomous), Mahendhirapuri, Mallasamudram West, Vadugapalayam Post, Tiruchengodu Taluk, Namakkal District-637503."
"2633","Vidyaa Vikas College of Engineering and Technology, Varahoorampatti Village, Tiruchengode Taluk, Namakkal-637214."
"2634","Excel Engineering College (Autonomous), NH-47 Salem Main Road, Sankari West Post, Tiruchengode Taluk, Pallakapalayam,  Namakkal District-637303."
"2635","CMS College of Engineering, CMS Nagar, Eranapuram Post, Namakkal-637003."
"2636","AVS Engineering College, Military Road, Ammapet, Salem-636003."
"2638","Mahendra Engineering College for Women, Komaramanagalam Post,Tiruchengode Taluk,Namakkal District-637205."
"2639","R P Sarathy Institute of Technology , Poosaripatty(PO), Omalur Taluk, Salem-636305."
"2640","Jayalakshmi Institute of Technology, Thoppur, Dharmapuri District-636352."
"2641","Varuvan Vadivelan Institute of Technology, NH 7, Krishnagiri Main Road, Gundalapatty, Dharmapuri-636703."
"2642","P.S.V.College of Engineering and Technology, Mittapalli, Balinayanapalli Post, Krishnagiri-635108."
"2643","Bharathiyar Institute of Engineering for Women, 43/3, Deviyakurichi, Attur Taluk,Salem District-636112."
"2646","Tagore Institute of Engineering and Technology, Salem-Chennai Bye Pass Road, Deviyakurichi (Po), Attur (Tk), Salem (Dt)-636112."
"2647","J.K.K.Nataraja College of Engineering and Technology, Sf No. 147/1,2,4 Komarapalayam Amani, Thattankuttai Panchayat, Tiruchengode, Namakkal-638183."
"2648","Annapoorana Engineering College (Autonomous), Sankari Main Road (NH-47), Periyaseeragapadi, Salem-636308."
"2650","Christ The King Engineering College, Cecilia Gardens, Chikkarampalayam Village, Karamadai, Coimbatore-641104."
"2651","Jai Shriram Engineering College , Dharapuram Road, Tirupur-638660."
"2652","AL-Ameen Engineering College (Autonomous), Karundevanpalayam, Nanjai Uthukkuli Post, Erode District-638104."
"2653","Knowledge Institute of Technology (Autonomous), KIOT Campus, Kakapalayam (PO), Salem-637504."
"2656","Builders Engineering College (Autonomous), EBET Knowledge Park, Erode Road Nathakadaiyur, Kangeyam, Tiruppur-638108."
"2658","V S A Group of Institutions, NH-47 Main Road, Uthamasolapuram Post, Salem-636010."
"2659","Salem College of Engineering and Technology, NH-68 Salem-Attur Main Road, Mettupatty Perumapalayam, Salem-636111."
"2673","Sree Sakthi Engineering College (Autonomous), 899/1 & 898/2, Bettathapuram, Bilichi Village, Karamadai, Coimbatore-641104."
"2683","Shreenivasa Engineering College, B.Pallipatti, Bommidi, Pappireddipatti Taluk, Dharmapuri District-635301."
"2702","Bannari Amman Institute of Technology (Autonomous), Sathy-Bhavani Road, (State Highway), Alathukombai Post, Sathyamangalam (Taluk), Erode District-638401."
"2704","Coimbatore Institute of Engineering and Technology (Autonomous), Vellimalaipattinam, Narasipuram Post, Thondamuthur Via, Coimbatore-641109."
"2705","CSI College of Engineering, Ketti Valley, The Nilgiris-643215."
"2706","Dr Mahalingam College of Engineering and Technology (Autonomous), Mackkinaickenpatti Post, Udumalai Road, Pollachi, Coimbatore-642003."
"2707","Erode Sengunthar Engineering College (Autonomous), Thudupathi, Perundurai (Tk), Erode District-638057."
"2708","Hindusthan College of Engineering and Technology(Autonomous), Othakkalmandapam Village, Coimbatore South Taluk, Coimbatore District-641032."
"2709","Government College of Engineering (Formerly Institute of Road and Transport Technology)  Vasavi College Post  Erode District 638316"
"2710","Karpagam College of Engineering (Autonomous), S.F.No.758,759,760 Othakkal Mandapam, Coimbatore -641032."
"2711","Kongu Engineering College (Autonomous), Perundurai Railway Station Road,Thoppupalayam,Perundurai, Erode-638052."
"2712","Kumaraguru College of Technology (Autonomous), Chinnavedampatti, Coimbatore-641049."
"2713","M.P.Nachimuthu M.Jaganathan Engineering College, Chennimalai, Erode-638112."
"2715","Nandha Engineering College (Autonomous), 28, Chennimalaipalayam Road, Pitchandampalayam Post, Erode-638052."
"2716","Park College of Engineering and Technology, Avinashi Road (NH-47), Kaniyur,Coimbatore-641659."
"2717","Sasurie College of Engineering, Vijayamangalam, Tirupur District-638056."
"2718","Sri Krishna College of Engineering and Technology (Autonomous), Sugunapuram, Kuniamuthur Post, Coimbatore-641008."
"2719","Sri Ramakrishna Engineering College (Autonomous), Vattamalaipalayam, NGGO Colony Post,  Coimbatore-641022."
"2721","Tamilnadu College of Engineering, Palanisame Ravi Nagar, Karumathampatti Post, Coimbatore-641659."
"2722","Sri Krishna College of Technology (Autonomous), Kovaipudur Post, Coimbatore-641042."
"2723","Velalar College of Engineering and Technology (Autonomous), Perundurai Road Thindal Post, Erode-638012."
"2725","Sri Ramakrishna Institute of Technology (Autonomous), Pachapalayam, Perur Chettipalayam, Coimbatore-641010."
"2726","SNS College of Technology (Autonomous), Sathy Main Road, Vazhiyampalayam, Saravanampatti Post, Coimbatore-641035."
"2727","Sri Shakthi Institute of Engineering and Technology (Autonomous), Sri Shakthi Nagar, L & T By-pass Road, Chinniyampalayam Post, Coimbatore-641062."
"2729","Nehru Institute of Engineering and Technology (Autonomous), Nehru Gardens, Thirumalayampalayam (Post), Coimbatore-641105."
"2731","RVS College of Engineering and Technology (Autonomous), Kumaran Kottam Campus, Kannampalayam Post, Coimbatore-641402."
"2732","Info Institute of Engineering, S F No.194-200, N.H.209, Sathy Road, Sarakarsamakulam, Kovilpalayam, Coimbatore-641107."
"2733","Angel College of Engineering and Technology, PK Palayam PO,Dharapuram Main Road, Ugayanur village, Tiruppur-641665."
"2734","SNS College of Engineering (Autonomous), Sathy Main Road, Kurumbapalayam Post, Coimbatore-641107."
"2735","Karpagam Institute of Technology (Autonomous), S.F. NO. 247,248, L&T Bypass Road, Seerapalayam Village, Bodipalayam Post, Coimbatore-641105."
"2736","Dr N.G.P. Institute of Technology (Autonomous), Dr. N.G.P. Nagar, Kalapatti Road, Coimbatore-641048."
"2737","Sri Sai Ranganathan Engineering College , Viraliyur Post, Thondamuthur(via), Coimbatore-641109."
"2739","Sri Eshwar College of Engineering (Autonomous), Kondampatti Post, Vadasithur Via, Coimbatore-641202."
"2740","Hindusthan Institute of Technology (Autonomous), Othakkalmandapam Post, Coimbatore-641032."
"2741","P A College of Engineering and Technology (Autonomous), Palladam Road, Pollachi, Coimbatore Dt.-642002."
"2743","Dhanalakshmi Srinivasan College of Engineering (CBE), NH-47, Palakkad Main Road, Navakkarai Post, Coimbatore-641105."
"2744","Adithya Institute of Technology (Autonomous), S.F.No. 348/1,349/1, Kurumbapalayam, SS Kulam(PO), Coimbatore-641107."
"2745","Kathir College of Engineering (Autonomous), WISDOM TREE, Avinashi Road, Neelambur, Coimbatore-641062."
"2747","Shree Venkateshwara Hi-Tech Engineering College (Autonomous), Erode-Sathy Main Road,Sri Kalaivani Nagar, Othakuthirai,K, Mettupalayam (Po), Gobichettipalayam (Tk), Erode (Dt)-638455."
"2748","Surya Engineering College, Perundurai Road,Manalmedu, Mettukadai,Kathirampatti Post, Erode-638107."
"2749","Easa College of Engineering and Technology, NH-47, Palakkad main Road, Navakkarai Post, Coimbatore-641105."
"2750","KIT - Kalaignarkarunanidhi Institute of Technology (Autonomous), S.F.No. 282,S.F.No. 283 Kannampalayam Post, Coimbatore-641402."
"2751","KGISL Institute of Technology, 365, KGISL Campus, Thudiyalur Road, Saravanampatti, Coimbatore-641035."
"2752","Nandha College of Technology, 235, Chennimalaipalayam Road, Pitchandampalayam Post, Veppampalayam Village, Erode-638052."
"2753","PPG Institute of Technology, Rathnagiri Road, Saravanampatti, Coimbatore-641035."
"2755","Nehru Institute of Technology (Autonomous), Jawahar Gardens, Kaliapuram, Thirumalayampalayam, Coimbatore-641105."
"2758","JKK Munirajah College of Technology (Autonomous), 377/1A, Punjai Thurayampalayam, Thookkanickenpalayam (Post), Thookkanickenpalayam, Gobi (Tk), Erode-638506."
"2761","United Institute of Technology (Autonomous), G.Koundampalayam, Periyanaickenpalayam, Coimbatore-641020."
"2762","Jansons Institute of Technology (Autonomous), SF.NO.443/1,2, 442/1A & 442/1B Karumathampatty, Coimbatore-641659."
"2763","Akshaya College of Engineering and Technology, SF No.112/1CPT,114/1,115/1,116/2C, Bagavathipalayam Road,Kinathukadavu, Coimbatore-642109."
"2764","KPR Institute of Engineering and Technology (Autonomous), SF:204/2 & 204/4, Kollupalayam Village, Arasur Panchayat, Coimbatore-641407."
"2767","SRG Engineering College, SH-95,Mohanur Road, Aniyapuram, Namakkal-637017."
"2768","Park College of Technology, Prema Ravi Nagar, Karumathampatty, Coimbatore-641659."
"2769","JCT College of Engineering and Technology (Autonomous), Pichanur, Coimbatore South Taluk, Coimbatore-641105."
"2770","Studyworld College of Engineering, Alagu Nachiamman Koil Road, Palathurai Post, Coimbatore-641105."
"2772","C M S College of Engineering and Technology, Appachigoundapathy, Kumittipathy Post, Coimbatore-641032."
"2776","R V S Technical Campus Coimbatore, Kumaran Kottam Campus, Kannampalayam, Sulur, Coimbatore-641402."
"3011","University College of Engineering  Tiruchirappalli  (Bharathidasan Institute of Technology)  Tiruchirappalli District 620024"
"3016","University College of Engineering  Ariyalur  Kathankudikadu Village  Thelur Post  Ariyalur District 621704"
"3018","University College of Engineering  Thirukkuvalai  Nagappattinam District 610204"
"3019","University College of Engineering  Panruti  Chennai-Kumbakonam Highway  Panikkankuppam  Panruti  Cuddalore District 607106"
"3021","University College of Engineering  Pattukkottai  ECR Road  Rajamadam  Pattukkottai Taluk  Thanjavur District 614701"
"3410","Krishnasamy College of Engineering and Technology, Nellikuppam Main Road, S.Kumarapuram, Cuddalore-607109."
"3425","C.K. College of Engineering & Technology, Jayaram Nagar, Chellangkuppam, Cuddalore-607003."
"3454","Sri Ramakrishna College of Engineering, Sri Saradha Nagar, NH - 45, Perambalur-621113."
"3456","KSK College of Engineering and Technology, Thanjavur Main Road, Ammapet (Village), Dharasuram Post, Kumbakonam Taluk, Thanjavur District-612702."
"3460","Surya College of Engineering , Somu Nagar, Konalai, Tiruchirappalli-621132."
"3461","Arifa Institute of Technology, Esanoor, Keelaiyur Post, Tirukkuvalai Taluk, Nagapattinam District-611103."
"3464","Government College of Engineering  Gandarvakottai Road  Sengipatti  Thanjavur District 613402"
"3465","Government College of Engineering  Srirangam  Sethurappatti  Tiruchirappalli District 620012"
"3466","Nelliandavar Institute of Technology, Nerunjikorai Village, Pudhupalayam, Ariyalur Taluk & District-621704."
"3701","K Ramakrishnan College of Technology (Autonomous), Kariyamanickam Road, Mannachanallur Taluk, Tiruchirappalli-621112."
"3760","Sir Issac Newton College of Engineering and Technology, Andhanapeetai Post, Pappakoil, Nagapattinam-611102."
"3766","Star Lion College of Engineering and Technology, Main Road, Manankorai, Thanjavur-614206."
"3782","OASYS Institute of Technology, Tiruchirappalli-Thuraiyur Mani Road, Pulivalam P.O Musiri Taluk, Tiruchirappalli-621006."
"3786","M.A.M. School of Engineering (Autonomous), Trichy-Chennai Trunk Road, Siruganur, Tiruchirappalli-621105."
"3795","SRM TRP Engineering College  Irungalur  Manachanallur Taluk  Tiruchirappalli District 621105"
"3801","A.V.C. College of Engineering, Mannampandal, Mayiladuthurai, Nagapattinam-609305."
"3802","Shri Angalamman College of Engineering and Technology, Ramanan Nagar, Siruganoor, Tiruchirappalli-621105."
"3803","Anjalai Ammal Mahalingam Engineering College, Kovilvenni, Thiruvarur-614403."
"3804","Arasu Engineering College, Chennai Main Road, Thiruvisanallur - Village, Thiruvidaimaruthur - Taluk, Kumbakonam,Thanjavur-612501."
"3805","Dhanalakshmi Srinivasan Engineering College (Autonomous), Thuraiyur Road, Perambalur-621212."
"3806","E.G.S. Pillay Engineering College (Autonomous), Old Nagore Road, Nagore Post, Nagapattinam District-611002."
"3807","J.J. College of Engineering and Technology, Ammapettai, Poolankulathupatti Post, Tiruchirappalli-620009."
"3808","Jayaram College of Engineering and Technology, Karattampatty, Pagalavadi, Thuraiyur Taluk, Tiruchirappalli-621014."
"3810","M A M College of Engineering, Trichy-Chennai Trunk Road, Siruganur, Tiruchirappalli-621105."
"3811","M.I.E.T. Engineering College (Autonomous), Trichy - Pudukkottai Road, Gundur, Tiruchirappalli-620007."
"3812","Mookambigai College of Engineering, Srinivasa Nagar, Kalamavur (PO), Keeranur, Pudukkottai-622502."
"3813","Oxford Engineering College, Pirattiyur, Tiruchirappalli-620009."
"3814","P.R. Engineering College, Thanjavur-Trichy High ways, Vallam, Thanjavur-613403."
"3815","Pavendar Bharathidasan College of Engineering and Technology, Thanjai Natarajan Nagar, Opp. to Bharathidasan University, Pudukkottai Main Raod, Mathur, Kulathur, Pudukkottai-622515."
"3817","Roever Engineering College, Elambalur (Post), Perambalur-621212."
"3819","Saranathan College of Engineering (Autonomous), Venkateswara Nagar, Edamalaipattipudur Post, Panjappur Village, Srirangam Taluk, Tiruchirappalli-620012."
"3820","Trichy Engineering College, somu Nagr,Konalai, Tiruchirappalli-621132."
"3821","A.R.J College of Engineering and Technology, Thirumakkottai Main Road, Edayarnatham Village, Sundarakkottai (PO), Mannargudi Taluk, Thiruvarur-614001."
"3822","Dr.Navalar Nedunchezhiyan College of Engineering, Raja Nagar, Vaithiyanathapuram, Tholudur, Cuddalore-606303."
"3825","St. Joseph's College of Engineering and Technology, A.S.Nagar, Ellupatti, Rawasapatti Post, Inathukanpatti Village, Thanjavur-613403."
"3826","Kongunadu College of Engineering and Technology (Autonomous), Tholurpatti, Thottiam, Tiruchirappalli-621215."
"3829","M.A.M. College of Engineering and Technology, Trichy-Chennai Trunk Road, Siruganur, Manachanallur Taluk, Tiruchirappalli-621105."
"3830","K. Ramakrishnan College of Engineering (Autonomous), Kariyamanickam Road, Samayapuram, Tiruchirappalli-621112."
"3831","Indra Ganesan College of Engineering, Madurai Main Road, Manikandam, Tiruchirappalli-620012."
"3833","Parisutham Institute of Technology and Science (Autonomous), NH 67 Ring Road, Nanjikottai, Thanjavur-613006."
"3841","CARE College of Engineering (Autonomous), No.27, Thayanoor village, Kuttapatti, Tiruchirappalli-620009."
"3843","MRK Institute of Technology, Nattarmangalam Post, Kattumannarkoil, Cuddalore-608301."
"3844","Shivani Engineering College, Poolangulathupatti (Post), Srirangam (Taluk), Tiruchirappalli-620009."
"3845","Imayam College of Engineering, Kannanur Post, Thuraiyur Taluk, Tiruchirappalli-621206."
"3846","Mother Terasa College of Engineering and Technology, Mettusalai, Illuppur (Post & Taluk), Pudukkottai District-622102."
"3848","Vandayar Engineering College, Pulavarnatham (Post), Mariammankovil (via), Nagai Main Road, Thanjavur-613501."
"3849","Annai College of Engineering and Technology, Anakudi Road, Kovilacheri, Kumbakonam, Thanjavur District-612503."
"3850","Vetri Vinayaha College of Engineering and Technology, Tholurpatti, Thottiam, Tiruchirappalli-621215."
"3852","Sri Bharathi Engineering College for Women, Aranthangi Road, Kaikurichi, Alangudi Taluk, Pudukkottai-622303."
"3854","Mahath Amma Institute of Engineering and Technology, Ariyur, Mathiyanaloor-Post, Annavasal Road, Illupur Taluk, Pudukkottai-622101."
"3855","As-Salam College of Engineering and Technology, Thirumangalakudi-Aduthurai, Thiruvidaimaruthur, Thanjavur-612102."
"3857","Meenakshi Ramaswamy Engineering College, M.R.Kalvi Nagar, Thathanur Post, Udayarpalayam Taluk, Ariyalur District-621804."
"3860","St.Anne's College of Engineering and Technology, Anguchettypalayam, Siruvathur Post, Panruti Taluk, Cuddalore District-607110."
"3905","Kings College of Engineering (Autonomous), Punalkulam Village, Gandarvakkottai Taluk, Pudukkottai District-613303."
"3908","Mount Zion College of Engineering and Technology, Lena vilakku, Pilivalam Post,  Pudukkottai-622507."
"3918","Shanmuganathan Engineering College, Arasampatti, Pilivalam Post, Thirumayam Taluk, Pudukkottai District-622507."
"3920","Sudharsan Engineering College, Sathiyamangalam, Kulathur Taluk, Pudukkottai District-622501."
"3923","MNSK College of Engineering, Dhakshinapuram Village, Vallathirakottai (Post), Alangudi Taluk, Pudukkottai-622305."
"3926","Chendhuran College of Engineering and Technology, Madurai Main Road, Lena Vilakku, Pilivalam Post, Thirumayam Taluk, Pudukkottai District-622507."
"4020","Anna University Regional Campus - Tirunelveli  Trivandrum Road  Palayamkottai  Tirunelveli District 627007"
"4023","University College of Engineering  Nagercoil  Nagercoil Industrial Estate  Konam  Kanyakumari District 629004"
"4024","University V.O.C. College of Engineering  Thoothukudi  Near V.O.C. College  Millerpuram  Thoothukudi District 628008"
"4669","Thamirabharani Engineering College, Ward - 1, Thatchanallur, Chattiram Puthukullam Village, Vepakullam - Chidhabra Nagar Road, Tirunelveli-627358."
"4670","Rohini College of Engineering and Technology (Autonomous), Palkumlam, Variyoor Post, Kanyakumari-629401."
"4672","Stella Mary's College of Engineering, Arunthenkanvilai, Azhikal, Kanyakumari-629202."
"4675","Universal College of Engineering and Technology, Anbagam Campus, Kadambankulam, Villakku, Radhapuram Road, Vallioor, Tirunelveli-627117."
"4676","Renganayagi Varatharaj College of Engineering, Salvarpatti Village & Post, Thayilpatti Via, Sivakasi Taluk, Virudhunagar-626128."
"4677","Arunachala Hitech Engineering College (formerly Lourdes Mount College of Engineering and Technology), Marthandam-Karungal Road, Chundavilai Mullanganavilai, Nattalam Post, Nattalam, Kanyakumari -629195."
"4678","RAMCO Institute of Technology, North Venganallur Village, Krishnapuram Panchayat, Rajapalayam, Virudhunagar-626117."
"4680","AAA College of Engineering and Technology, Amathur Village, Sivakasi, Virudhunagar-626123."
"4686","Good Shepherd College of Engineering and Technology, Maruthamparai, Kaliyal Village, Kaliyal, Kanyakumari-629151."
"4864","V V College of Engineering, V.V. Nagar, Arasur Village, Idaichivilai Post, Sathankulam Taluk, Tuticorin District, Tirunelveli-628656."
"4917","Sethu Institute of Technology (Autonomous), Pulloor, Kariapatti, Virudhunagar-626115."
"4925","Sun College of Engineering and Technology, Udaya Nagar, Ammandivilai & Post, Kadiyapattanam, Kanyakumari-629204."
"4927","Maria College of Engineering and Technology, Attoor Puliyamoodu Junction, Thiruvattar P.O, Attoor, Kanyakumari-629177."
"4928","Mar Ephraem College of Engineering and Technology, Malankara Hills, Elavuvillai, Kanyakumari-629171."
"4929","M.E.T. Engineering College, No.13/142A9/9,Mogals Garden, Chenbagaramanputhur, Thovalai Taluk, Kanyakumari district, Nagercoil-629304."
"4931","Grace College of Engineering , Chandy Nagar, Mullakkadu, Thoothukudi -628005."
"4932","Immanuel Arasar JJ College of Engineering, Edavilagam, Nattalam, Marthandam, Kanyakumari-629195."
"4933","St. Mother Theresa Engineering College, Vagaikulam, Mudivaithanendal Post, Tuticorin District-628102."
"4934","Holy Cross Engineering College, 7/131, Vagaikulam Srivaikuntam Express Road, Sri Mulakarai, Thannoothu Village, Srivaikuntam Taluk, Thoothukudi-628851."
"4937","A.R College of Engineering and Technology, Kadayam - Alangulam Road, Near Railway Station, Kadayam, Therkkumadathur, Tirunelveli-627423."
"4938","Sivaji College of Engineering and Technology, Manivilai Post, Kanyakumari -629171."
"4941","Unnamalai Institute of Technology, Suba Nagar, Ayyaneri Post, Kovilpatti, Thoothukudi District-628502."
"4943","Satyam College of Engineering and Technology, Satyam Nagar, Kannappannalur, Aralvoimozhi, Kanyakumari District-629301."
"4944","Arunachala College of Engineering for Women, Thanka Gardens, Manavilai, Vellichanthai, Nagercoil, Kanyakumari District-629203."
"4946","DMI Engineering College, Kumarapuram Road, Aralvaimozhi, Kanyakumari District-629301."
"4949","PSN Institute of Technology and Science, Melathediyoor, Palayamkottai Taluk, Tirunelveli-627152."
"4952","C.S.I. Institute of Technology, Thovalai & PO, Kanyakumari District, Nagercoil-629302."
"4953","Cape Institute of Technology, Rajakrishnapuram Post, Radhapuram Taluk, Levengipuram, Tirunelvei-627114."
"4954","Dr Sivanthi aditanar College of Engineering, Tirunelveli Road, Tiruchendur, Thoothukudi-628215."
"4955","Francis Xavier Engineering College (Autonomous), 103 G2, By Pass Road, Vannarpettai, Tirunelveli-627003."
"4956","Jayamatha Engineering College, Thirurajapuram Muppandal, Aralvaimozhi, Kanyakumari-629301."
"4957","Jayaraj Annapackiam CSI College of Engineering, Margoschis Nagar, Nazareth, Thoothukudi District-628617."
"4959","Kamaraj College of Engineering and Technology (Autonomous), S.P.G.C.Nagar Post Box12, K.Vellakulam, Virudhunagar-626001."
"4960","Mepco Schlenk Engineering College (Autonomous), Sivakasi,Mepco Engineering College Post,Virudhunagar District-626005."
"4961","Nellai College of Engineering , Maruthakulam P.O, Nanguneri Taluk, Tirunelveli-627151."
"4962","National Engineering College (Autonomous), K.R. Nagar, Nalattinputhur, Kovilpatti, Tuticorin District-628503."
"4964","PSN College of Engineering and  Technology (Autonomous) Melathediyoor  Tirunelveli-627 152"
"4965","P.S.R. Engineering College (Autonomous), Appayanaickenpatty, Sevalpatty, Sivakasi, Virudhunagar District -626140."
"4966","PET Engineering College, Thiruchendur Road, Vallioor, Tirunelveli -627117."
"4967","S. Veerasamy Chettiar College of Engineering and Technology, S.V.Nagar, Puliangudi (Post), Sivagiri (Taluk), Tirunelveli District-627855."
"4968","Sardar Raja College of Engineering, Raja Nagar, Alangulam, Tirunelveli Distict-627808."
"4969","SCAD College of Engineering and Technology, Scad Nagar, Cheranmahadevi, Tirunelveli-627414."
"4970","Sree Sowdambika College of Engineering, Chettikurichi, Aruppukottai, Virudhunagar-626134."
"4971","St. Xavier's Catholic College of Engineering (Autonomous), Chunkankadai, Kanyakumari District, Nagercoil-629003."
"4974","Government College of Engineering  Tirunelveli District 627007"
"4975","Dr G.U. Pope College of Engineering, Pope Nagar, Sawyerpuram, Thoothukudi-628251."
"4976","Infant Jesus College of Engineering, Kamarajar Nagar, Tirunelveli-Thoothukudi Highway (NH-7A), Keelavallanadu Village, Ellanayakkan Patti Post, Srivaikundam Taluk, Thoothukudi District-628851."
"4977","Narayanaguru College of Engineering, Chittadavu, Manjalumoodu, Vilavancode Taluk, Kuzhithurai, Kanyakumari District-629151."
"4978","Udaya School of Engineering, Udaya Nagar, Vellamadi Junction,Ammandivilai Post, Kanyakumarai District, Nagercoil-629204."
"4979","Arul Tharum VPMM College of Engineering and Technology, V.P.M. Nagar, Krishnankovil, Srivilliputur, Virudhunagar-626190."
"4980","Einstein College of Engineering, Sir.C.V.Raman Nagar, Seethaparpanallur, Tirunelveli-627012."
"4981","Ponjesly College of Engineering, Near Parvathipuram, Alamparai, Veturnimadam Post, Nagercoil-629003."
"4982","Vins Christian College of Engineering, Vins Nagar, Chunkankadai, Nagercoil, Kanyakumari-629807."
"4983","Lord Jegannath College of Engineering and Technology, PSN Nagar, Ramanathichanputhur, Marungoor, Kanyakumari District, Nagercoil-629402."
"4984","Marthandam College of Engineering and Technology, P.M.Village Road,Kuttakuzhi, Veeyannoor Post, Marthandam, Kanyakumari District-629177."
"4986","Noorul Islam College of Engineering and Technology, Punkarai, Thiruvithancode (PO), Kanyakumari-629174."
"4989","PSN Engineering College, Melathediyoor, Palayamkottai, Tirunelveli-627152."
"4992","Bethlahem Institute of Engineering, Nadutheri, Karungal, Kanyakumari-629157."
"4993","Loyola Institute of Technology and Science, P.Bo. No.2, Thovalai - Rajavoor Road, Loyola Nagar, Theroor Village, Thovalai, Kanyakumari District-629302."
"4994","J.P. College of Engineering, College Road, Ayikudy, Tenkasi Taluk, Tirunelveli District-627852."
"4995","P.S.R.R College of Engineering, Appayanaickenpatti, Sevalpatti, Sivakasi, Virudhunagar -626140."
"4996","Sri Vidya College of Engineering and Technology, Sivakasi Main Road, P.Kumaralingapuram, Virudhunagar-626005."
"4998","Mahakavi Bharathiyar College of Engineering and Technology, Kovil Nagar, Vasudevanallur, Sivagiri Taluk, Tirunelveli District -627758."
"4999","Annai Vailankanni College of Engineering, AVK Nagar, Pothaiyadisalai Pottalkulam, Azhagappapuram PO, Kanyakumari District, Nagercoil-629401."
"5008","Thiagarajar College of Engineering (Autonomous) Tirupparankundram  Madurai District 625015"
"5009","Government College of Engineering  Melachokkanathapuram  Bodinayakkanur  Theni District 625582"
"5010","Anna University Regional Campus - Madurai  Kanyakumari National Highway  Keelakuilkudi  Madurai District 625019"
"5012","Central Electrochemical Research Institute CECRI)  Karaikudi  Sivagangai District 630006"
"5017","University College of Engineering  Ramanathapuram  Pullangudi  Ramanathapuram District 623513"
"5022","University College of Engineering  Dindigul  Mangarai Pirivu  Reddiyarchathiram  Dindigul District 624622"
"5502","Sri Raajaraajan College of Engineering and Technology, No.146/4B1, Amaravathi Village, Amaravathypudhur(Post), Karaikudi Taluk, Sivagangai District-630301."
"5530","SSM Institute of Engineering and Technology, Kuttathupatti Village, Begambur Post, Dindigul Taluk & District-624002."
"5532","Vaigai College of Engineering, Therkutheru, Melur Taluk, Madurai-625122."
"5533","Karaikudi Institute of Technology & Karaikudi Institute of Management, Keeranipatti Village, Thalakkavur Panchayat, Karaikudi, Sivaganga-630307."
"5536","Mangayarkarasi College of Engineering, 7-1-139, 1st Street, Mangayarkarasi Nagar, Paravai, Madurai-625402."
"5537","Jainee College of Engineering and Technology, Dindigul-Theni Main Road, (NHB Extn.), Aathupattiprivu, Veerakkal B.P.O.N. Panjampatti Post, Dindigul-624303."
"5703","Christian College of Engineering and Technology, Near Check Post, Oddanchatram, Dindigul-624619."
"5832","N.P.R College of Engineering and Technology (Autonomous), Punnappatti Village, Uluppakudi, Natham, Dindigul District-624401."
"5842","SRM Madurai College for Engineering and Technology, Pottapalayam Village, Manamadurai Taluk, Sivagangai District-630611."
"5851","Veerammal Engineering College, PVP Nagar, K.Singrakottai, Dindigul-624708."
"5862","R V S Educational Trust's Group of Institutions, RVS Nagar, N.Paraipatti Post, Dindigul-624005."
"5865","Nadar Saraswathi College of Engineering and Technology, Vadapudupatti, Annanji Post, Theni -625531."
"5901","Alagappa Chettair Government College of Engineering and Technology (Autonomous)  Karaikudi  Sivagangai District 630004"
"5902","Bharath Niketan Engineering College, Shri Gowri Nagar, Thimmarasanaickanoor, Aundipatti, Theni District-625536."
"5904","K.L.N.College of Engineering (Autonomous), Madurai - Nedunkulam Road, Pottapalayam, Sivagangai District-630611."
"5907","Mohamed Sathak Engineering College, Sathak Nagar, East Coast Road, Pudhu Mayakulam, Kilakarai, Ramanathapuram District-623806."
"5910","PSNA College of Engineering and Technology (Autonomous), Kothandaraman Nagar, Muthanampatti (PO), Dindigul-624622."
"5911","P.T.R. College of Engineering and Technology, Thanapandiyan Nagar, Madurai - Tirumangalam Road, Madurai-625008."
"5912","Pandian Saraswathi Yadav Engineering College, Arasanoor Village, Thirumansolai Post, Sivaganagi District-630561."
"5913","R.V.S. College of Engineering, RVS Nagar, Karur Road, N.Paraipatti Post, Dindigul-624005."
"5914","Solamalai College of Engineering , S.V Raja Nagar, Veerapanjan, Madurai-625020."
"5915","SACS M.A.V.M.M. Engineering College, 446, Melur - Alagarkoil Road, Kidaripatti (PO), Alagarkoil Via, Melur Taluk, Madurai-625301."
"5919","St. Michael College of Engineering and Technology, St. Santhiagaper Nagar, Kalayarkoil, Sivaganga District-630551."
"5921","Syed Ammal Engineering College (Autonomous), Dr. E.M.Abdullah Campus, Lanthai, Achunthanvayal Post, Ramanathapuram-623502."
"5924","Ganapathy Chettiar College of Engineering and Technology, Melakavanur (PO), Paramakudi, Ramanathapuram District-623706."
"5930","SBM College of Engineering and Technology, SBM Nagar, Thamaraipadi(PO), Trichy Road, Dindigul-624005."
"5935","Fatima Michael College of Engineering and Technology, Senkottai Village, Kalimangalam Panchayat,Sivaganga Main Road, Madurai-625020."
"5942","Ultra College of Engineering and Technology , 69/1, Ultra Nagar, Kodikulam I Bit, Madurai - Chennai Highway, Madurai-625104."
"5986","Velammal College of Engineering and Technology (Autonomous), Velammal Nagar, Viraganoor, Madurai -625009."
"5988","Theni Kammavar Sangam College of Technology, Theni Main road, Koduvilarpatti (PO), Veerapandi(Via), Theni District-625534."
"5990","Latha Mathavan Engineering College, Latha Mathavan Nagar, Kidaripatti, Melur Taluk, Madurai-625301."